nomer zakaza,ves gruza,day,kol korobok,city otpravki,city dostavki
22,1122.21,1,157,Таллин,Санкт-Петербург
37,1110.5,1,148,Рига,Санкт-Петербург
64,1165.27,1,153,Москва,Рига
95,1157.63,1,153,Таллин,Санкт-Петербург
105,1000.52,1,145,Вильнюс,Санкт-Петербург
184,1110.26,1,154,Рига,Санкт-Петербург
194,1030.81,1,140,Рига,Санкт-Петербург
277,1093.69,1,139,Хельсинки,Санкт-Петербург
473,1025.65,1,129,Таллин,Санкт-Петербург
586,1001.96,1,140,Хельсинки,Москва
592,1297.76,1,162,Рига,Санкт-Петербург
660,1110.3,1,149,Рига,Санкт-Петербург
669,1180.5,1,154,Хельсинки,Калининград
675,1005.16,1,142,Таллин,Санкт-Петербург
680,975.61,1,127,Калининград,Вильнюс
830,1014.98,1,134,Таллин,Санкт-Петербург
951,1245.92,1,168,Вильнюс,Москва
970,1135.6,1,144,Москва,Рига
1049,1093.28,1,153,Москва,Рига
63,939.66,2,133,Хельсинки,Санкт-Петербург
137,1349.35,2,166,Москва,Хельсинки
145,1007.46,2,138,Рига,Санкт-Петербург
148,1280.92,2,166,Москва,Рига
173,1357.04,2,173,Вильнюс,Санкт-Петербург
187,1141.97,2,157,Таллин,Санкт-Петербург
193,1264.86,2,160,Москва,Вильнюс
210,1093.07,2,151,Москва,Рига
251,1150.68,2,157,Вильнюс,Калининград
314,1119.55,2,150,Хельсинки,Калининград
317,891.15,2,142,Рига,Санкт-Петербург
348,1220.89,2,152,Рига,Москва
367,1177.79,2,155,Санкт-Петербург,Вильнюс
384,1297.85,2,155,Рига,Москва
397,1115.15,2,148,Вильнюс,Санкт-Петербург
436,1010.73,2,140,Калининград,Вильнюс
445,1047.94,2,147,Вильнюс,Москва
456,989.27,2,139,Санкт-Петербург,Хельсинки
458,1175.71,2,146,Рига,Санкт-Петербург
461,1181.94,2,151,Рига,Калининград
494,1186.91,2,163,Хельсинки,Санкт-Петербург
500,1046.77,2,130,Таллин,Санкт-Петербург
568,1219.21,2,155,Санкт-Петербург,Вильнюс
646,1201.41,2,166,Санкт-Петербург,Хельсинки
683,1148.73,2,148,Хельсинки,Санкт-Петербург
699,1080.29,2,143,Москва,Вильнюс
704,1053.59,2,144,Таллин,Калининград
730,1122.15,2,145,Рига,Калининград
742,1294.6,2,172,Москва,Хельсинки
777,1134.21,2,150,Калининград,Хельсинки
789,1289.01,2,156,Рига,Санкт-Петербург
811,1184.7,2,154,Хельсинки,Москва
816,973.67,2,143,Калининград,Рига
831,1056.1,2,132,Таллин,Москва
839,1059.62,2,141,Санкт-Петербург,Вильнюс
855,1074.26,2,149,Москва,Вильнюс
881,1024.97,2,139,Таллин,Калининград
883,1229.79,2,160,Вильнюс,Санкт-Петербург
928,1310.62,2,164,Рига,Москва
931,1094.13,2,151,Рига,Санкт-Петербург
952,1053.15,2,133,Калининград,Хельсинки
980,1045.9,2,141,Рига,Санкт-Петербург
983,1311.17,2,160,Таллин,Санкт-Петербург
1011,1263.57,2,160,Хельсинки,Москва
1016,1049.4,2,146,Рига,Санкт-Петербург
1077,1158.11,2,158,Москва,Рига
1113,1122.93,2,148,Рига,Калининград
1117,1120.33,2,159,Рига,Санкт-Петербург
1126,839.54,2,129,Калининград,Рига
1165,1255.46,2,168,Москва,Хельсинки
1167,1123.07,2,147,Вильнюс,Калининград
1223,1252.4,2,154,Рига,Санкт-Петербург
1280,1291.83,2,159,Рига,Санкт-Петербург
5,1061.43,3,142,Вильнюс,Калининград
82,1135.14,3,154,Таллин,Санкт-Петербург
88,1299.69,3,171,Вильнюс,Калининград
118,1238.15,3,157,Рига,Санкт-Петербург
192,938.27,3,140,Таллин,Санкт-Петербург
289,1233.17,3,154,Рига,Калининград
307,1113.79,3,151,Москва,Рига
315,1020.75,3,139,Москва,Хельсинки
325,1063.17,3,138,Санкт-Петербург,Рига
356,1031.19,3,138,Рига,Москва
359,1118.07,3,146,Таллин,Москва
362,1213.78,3,162,Москва,Вильнюс
376,1037.83,3,140,Рига,Москва
381,1184.7,3,151,Таллин,Калининград
444,1037.56,3,145,Вильнюс,Санкт-Петербург
459,1100.22,3,143,Рига,Санкт-Петербург
478,1103.52,3,156,Рига,Санкт-Петербург
495,1119.59,3,148,Рига,Калининград
515,1068.8,3,150,Рига,Калининград
517,1182.91,3,161,Рига,Калининград
518,1144.5,3,152,Москва,Рига
557,1235.2,3,176,Рига,Санкт-Петербург
582,1203.93,3,152,Таллин,Санкт-Петербург
700,1228.33,3,156,Калининград,Вильнюс
835,1034.18,3,142,Таллин,Санкт-Петербург
859,1075.1,3,152,Рига,Санкт-Петербург
887,1025.95,3,143,Таллин,Санкт-Петербург
888,1316.91,3,164,Санкт-Петербург,Таллин
990,1147.15,3,156,Москва,Вильнюс
1032,1081.98,3,157,Москва,Вильнюс
1041,1168.56,3,157,Москва,Вильнюс
1059,1078.41,3,144,Таллин,Санкт-Петербург
1060,1018.4,3,137,Калининград,Рига
1066,1165.52,3,167,Москва,Таллин
1081,1005.62,3,145,Москва,Хельсинки
1108,1195.39,3,148,Рига,Калининград
1114,1209.33,3,158,Хельсинки,Москва
1150,1046.97,3,137,Вильнюс,Санкт-Петербург
1169,1137.15,3,139,Рига,Калининград
1170,1170.32,3,154,Рига,Санкт-Петербург
1185,1148.08,3,156,Москва,Рига
1224,1198.71,3,157,Санкт-Петербург,Хельсинки
1241,1187.61,3,161,Рига,Калининград
1256,1202.62,3,160,Санкт-Петербург,Хельсинки
1259,1162.82,3,161,Москва,Вильнюс
1286,1356.85,3,163,Таллин,Калининград
34,1059.92,4,139,Москва,Рига
110,1022.36,4,129,Рига,Санкт-Петербург
128,1111.94,4,150,Рига,Москва
150,1216.07,4,160,Таллин,Москва
190,993.75,4,143,Москва,Таллин
212,1073.05,4,139,Рига,Санкт-Петербург
241,1192.11,4,144,Москва,Таллин
299,1173.35,4,154,Рига,Санкт-Петербург
369,1112.78,4,158,Таллин,Санкт-Петербург
415,1130.7,4,148,Москва,Рига
425,1156.92,4,154,Вильнюс,Санкт-Петербург
483,1239.61,4,160,Рига,Санкт-Петербург
514,1002.78,4,135,Калининград,Рига
554,1032.62,4,132,Москва,Хельсинки
569,1059.96,4,149,Калининград,Таллин
604,1037.38,4,139,Москва,Вильнюс
630,1073.53,4,151,Москва,Таллин
677,1279.16,4,173,Москва,Хельсинки
692,1092.37,4,161,Москва,Рига
703,1144.2,4,138,Москва,Хельсинки
720,1148.27,4,165,Санкт-Петербург,Вильнюс
740,1113.18,4,149,Рига,Калининград
782,994.21,4,143,Рига,Санкт-Петербург
788,1092.91,4,149,Хельсинки,Калининград
805,1082.79,4,146,Санкт-Петербург,Хельсинки
891,1189.47,4,153,Таллин,Калининград
924,1291.2,4,167,Таллин,Москва
930,1224.48,4,151,Хельсинки,Москва
950,1073.62,4,145,Москва,Вильнюс
977,972.93,4,132,Рига,Москва
978,1107.95,4,140,Москва,Вильнюс
1028,997.24,4,141,Рига,Санкт-Петербург
1053,1232.21,4,151,Вильнюс,Санкт-Петербург
1061,1262.81,4,166,Санкт-Петербург,Таллин
1140,1212.18,4,159,Хельсинки,Калининград
1145,1114.13,4,147,Таллин,Калининград
1152,1071.23,4,149,Рига,Санкт-Петербург
1162,1249.37,4,162,Рига,Санкт-Петербург
1166,1049.49,4,140,Хельсинки,Санкт-Петербург
1171,1089.13,4,146,Таллин,Москва
1252,1204.22,4,171,Санкт-Петербург,Таллин
1277,1124.97,4,152,Вильнюс,Санкт-Петербург
4,1156.14,5,157,Таллин,Санкт-Петербург
17,1105.89,5,135,Санкт-Петербург,Таллин
50,1011.93,5,139,Хельсинки,Калининград
66,943.44,5,134,Таллин,Москва
71,943.61,5,145,Калининград,Рига
77,1103.37,5,156,Вильнюс,Калининград
153,979.77,5,135,Санкт-Петербург,Хельсинки
202,1061.94,5,142,Рига,Санкт-Петербург
205,1134.88,5,150,Таллин,Санкт-Петербург
229,976.07,5,142,Таллин,Калининград
254,994.11,5,134,Хельсинки,Калининград
271,1117.21,5,141,Рига,Санкт-Петербург
302,1018.66,5,136,Хельсинки,Санкт-Петербург
312,1018.36,5,144,Вильнюс,Москва
345,1129.1,5,156,Таллин,Санкт-Петербург
426,1130.92,5,148,Москва,Вильнюс
450,1083.29,5,147,Рига,Санкт-Петербург
508,1202.7,5,161,Калининград,Таллин
521,1180.28,5,158,Таллин,Санкт-Петербург
522,1209.79,5,167,Рига,Калининград
533,1291.7,5,167,Санкт-Петербург,Таллин
538,1136.99,5,154,Москва,Хельсинки
543,1072.6,5,149,Таллин,Калининград
556,1159.05,5,156,Калининград,Хельсинки
565,1216.08,5,158,Хельсинки,Калининград
607,1106.08,5,152,Рига,Санкт-Петербург
608,1222.15,5,168,Таллин,Санкт-Петербург
636,1098.95,5,153,Таллин,Санкт-Петербург
658,1134.13,5,148,Рига,Санкт-Петербург
668,1043.45,5,134,Рига,Санкт-Петербург
697,1080.75,5,148,Таллин,Санкт-Петербург
717,1150.45,5,149,Рига,Санкт-Петербург
755,1070.87,5,154,Хельсинки,Москва
764,1073.68,5,152,Рига,Калининград
765,1265.59,5,159,Таллин,Калининград
801,1154.07,5,163,Рига,Санкт-Петербург
863,1126.82,5,144,Рига,Москва
878,1118.98,5,146,Вильнюс,Калининград
889,1100.15,5,143,Рига,Санкт-Петербург
903,995.3,5,136,Санкт-Петербург,Таллин
962,1061.17,5,151,Хельсинки,Калининград
971,1097.47,5,150,Рига,Санкт-Петербург
972,968.13,5,132,Рига,Санкт-Петербург
998,1147.36,5,147,Рига,Москва
1002,1018.15,5,132,Вильнюс,Санкт-Петербург
1030,1042.44,5,154,Таллин,Санкт-Петербург
1052,1197.51,5,162,Санкт-Петербург,Таллин
1100,1117.26,5,148,Санкт-Петербург,Рига
1125,1238.38,5,160,Калининград,Таллин
1191,934.49,5,142,Рига,Калининград
1287,1186.64,5,155,Москва,Вильнюс
1299,1270.39,5,163,Хельсинки,Калининград
81,1116.05,6,147,Вильнюс,Санкт-Петербург
112,1126.74,6,153,Вильнюс,Москва
115,1172.53,6,149,Рига,Санкт-Петербург
122,1058.6,6,139,Хельсинки,Санкт-Петербург
154,1088.43,6,145,Рига,Москва
256,975.05,6,137,Рига,Санкт-Петербург
267,1127.43,6,146,Рига,Санкт-Петербург
272,1037.75,6,140,Рига,Санкт-Петербург
275,1202.26,6,152,Рига,Москва
278,1157.9,6,167,Калининград,Рига
371,1252.22,6,171,Москва,Рига
401,1024.64,6,145,Рига,Калининград
407,1131.88,6,144,Хельсинки,Санкт-Петербург
420,1030.18,6,135,Санкт-Петербург,Вильнюс
453,906.17,6,126,Москва,Вильнюс
466,1152.22,6,145,Рига,Санкт-Петербург
513,1125.47,6,150,Москва,Вильнюс
552,1265.63,6,157,Рига,Санкт-Петербург
575,1083.78,6,153,Вильнюс,Санкт-Петербург
591,1154.2,6,148,Рига,Москва
594,1184.73,6,153,Рига,Москва
625,1031.21,6,130,Хельсинки,Москва
640,1274.54,6,167,Хельсинки,Москва
678,1013.9,6,145,Москва,Вильнюс
778,1250.82,6,170,Рига,Санкт-Петербург
802,964.74,6,137,Вильнюс,Калининград
819,1165.54,6,156,Рига,Москва
875,1133.46,6,148,Москва,Рига
897,1227.26,6,174,Вильнюс,Москва
947,1001.5,6,139,Хельсинки,Москва
999,1014.58,6,140,Вильнюс,Москва
1012,1273.93,6,170,Таллин,Москва
1014,1025.5,6,136,Калининград,Рига
1015,1285.2,6,159,Москва,Вильнюс
1055,1203.23,6,157,Москва,Хельсинки
1057,1005.93,6,146,Вильнюс,Санкт-Петербург
1082,1220.21,6,161,Вильнюс,Калининград
1088,1040.31,6,146,Рига,Калининград
1121,1046.94,6,154,Хельсинки,Калининград
1177,1154.37,6,152,Таллин,Калининград
1242,1187.6,6,162,Рига,Москва
1274,1284.56,6,163,Рига,Санкт-Петербург
51,976.04,7,134,Таллин,Санкт-Петербург
62,1074.74,7,160,Москва,Вильнюс
69,1172.27,7,154,Таллин,Калининград
127,1110.07,7,145,Рига,Москва
176,1093.82,7,152,Рига,Калининград
185,1108.74,7,145,Москва,Вильнюс
200,1184.63,7,160,Таллин,Москва
227,1208.76,7,166,Калининград,Хельсинки
343,1006.15,7,137,Таллин,Санкт-Петербург
346,967.31,7,129,Москва,Таллин
353,1022.92,7,138,Рига,Калининград
377,1150.46,7,158,Москва,Таллин
493,1078.11,7,146,Рига,Москва
506,1177.63,7,157,Таллин,Москва
529,1130.55,7,145,Москва,Рига
587,1031.84,7,145,Таллин,Санкт-Петербург
612,1099.52,7,148,Таллин,Москва
615,1042.9,7,150,Москва,Рига
722,1152.57,7,154,Вильнюс,Калининград
731,905.33,7,118,Таллин,Санкт-Петербург
734,1056.29,7,144,Москва,Вильнюс
826,1073.53,7,128,Москва,Хельсинки
861,1125.48,7,151,Москва,Хельсинки
879,1157.27,7,153,Вильнюс,Санкт-Петербург
898,1109.23,7,145,Хельсинки,Санкт-Петербург
900,1067.16,7,152,Таллин,Санкт-Петербург
955,1112.52,7,151,Санкт-Петербург,Таллин
957,1319.29,7,164,Таллин,Санкт-Петербург
979,1111.42,7,159,Рига,Калининград
1058,1135.99,7,143,Москва,Вильнюс
1084,1115.03,7,149,Москва,Рига
1138,1089.92,7,150,Рига,Москва
1178,1232.41,7,157,Рига,Москва
1184,1134.32,7,152,Таллин,Калининград
1190,1041.62,7,137,Хельсинки,Москва
1200,1019.19,7,146,Калининград,Хельсинки
1229,1215.61,7,160,Рига,Санкт-Петербург
1230,1127.65,7,159,Таллин,Санкт-Петербург
15,1037.37,8,144,Вильнюс,Санкт-Петербург
20,1131.52,8,149,Рига,Калининград
74,1311.91,8,165,Рига,Санкт-Петербург
76,1052.1,8,144,Хельсинки,Москва
93,1235.11,8,147,Москва,Таллин
142,1078.3,8,145,Таллин,Калининград
211,1039.39,8,146,Рига,Санкт-Петербург
217,1039.22,8,135,Таллин,Москва
253,1002.56,8,146,Рига,Санкт-Петербург
286,1093.39,8,139,Рига,Санкт-Петербург
349,893.34,8,129,Таллин,Москва
354,1005.73,8,139,Рига,Калининград
390,1104.99,8,146,Таллин,Москва
460,1101.24,8,142,Москва,Вильнюс
525,1336.64,8,174,Рига,Санкт-Петербург
580,1108.53,8,154,Санкт-Петербург,Хельсинки
623,1283.83,8,164,Санкт-Петербург,Таллин
648,1190.31,8,158,Таллин,Калининград
689,965.16,8,134,Рига,Санкт-Петербург
725,1169.54,8,150,Калининград,Рига
781,1126.67,8,153,Рига,Калининград
796,1178.81,8,151,Хельсинки,Санкт-Петербург
813,1225.16,8,154,Рига,Калининград
821,1189.15,8,148,Вильнюс,Калининград
920,1146.21,8,157,Рига,Калининград
937,1375.52,8,179,Санкт-Петербург,Хельсинки
974,1046.44,8,146,Рига,Москва
1022,968.65,8,131,Хельсинки,Калининград
1033,1060.5,8,145,Рига,Калининград
1158,1170.37,8,154,Москва,Вильнюс
1189,1263.39,8,169,Рига,Санкт-Петербург
1194,1084.46,8,147,Москва,Вильнюс
1198,1189.72,8,156,Москва,Рига
1215,1262.22,8,163,Санкт-Петербург,Рига
1275,1161.45,8,157,Москва,Рига
1282,1183.42,8,155,Таллин,Москва
1292,1173.46,8,165,Калининград,Рига
26,1145.26,9,154,Таллин,Калининград
90,1006.92,9,129,Хельсинки,Санкт-Петербург
113,1020.85,9,137,Таллин,Санкт-Петербург
169,1071.63,9,140,Таллин,Калининград
180,1192.87,9,153,Вильнюс,Санкт-Петербург
182,1155.1,9,162,Санкт-Петербург,Таллин
230,956.57,9,137,Рига,Калининград
234,1025.85,9,140,Санкт-Петербург,Хельсинки
274,1143.87,9,145,Хельсинки,Калининград
290,951.87,9,132,Рига,Калининград
322,1095.64,9,144,Москва,Хельсинки
328,1245.5,9,161,Москва,Вильнюс
329,1120.91,9,148,Москва,Рига
394,1044.48,9,141,Москва,Рига
414,1115.01,9,144,Рига,Санкт-Петербург
435,1164.88,9,161,Рига,Санкт-Петербург
481,1149.21,9,147,Таллин,Санкт-Петербург
501,1169.19,9,147,Вильнюс,Калининград
504,1052.79,9,145,Таллин,Калининград
519,1181.49,9,156,Москва,Вильнюс
536,925.08,9,129,Рига,Санкт-Петербург
546,1164.23,9,148,Москва,Хельсинки
559,1073.82,9,141,Рига,Санкт-Петербург
574,1114.25,9,156,Калининград,Таллин
653,1148.01,9,146,Рига,Москва
657,1300.54,9,166,Вильнюс,Калининград
710,1221.19,9,150,Вильнюс,Калининград
766,1104.52,9,154,Рига,Москва
769,1107.54,9,144,Рига,Санкт-Петербург
818,1163.8,9,158,Рига,Санкт-Петербург
850,1163.64,9,154,Санкт-Петербург,Таллин
874,1121.55,9,157,Санкт-Петербург,Хельсинки
905,1132.02,9,161,Вильнюс,Москва
932,1228.5,9,161,Рига,Москва
940,1208.41,9,153,Рига,Санкт-Петербург
954,1108.54,9,142,Рига,Москва
956,1308.88,9,171,Таллин,Калининград
1001,1109.66,9,153,Таллин,Москва
1035,1185.22,9,167,Вильнюс,Калининград
1039,1155.12,9,160,Вильнюс,Калининград
1090,1114.52,9,143,Таллин,Санкт-Петербург
1103,1116.61,9,153,Калининград,Рига
1115,1146.04,9,152,Рига,Санкт-Петербург
1154,1221.09,9,156,Рига,Москва
1203,1189.58,9,165,Вильнюс,Санкт-Петербург
1243,1246.03,9,164,Москва,Вильнюс
1265,1372.43,9,170,Вильнюс,Санкт-Петербург
2,1108.52,10,149,Москва,Хельсинки
7,1196.67,10,151,Рига,Санкт-Петербург
18,1167.26,10,146,Москва,Рига
70,1110.56,10,148,Рига,Москва
78,1124.06,10,148,Рига,Санкт-Петербург
87,1174.24,10,154,Рига,Санкт-Петербург
98,1069.2,10,152,Рига,Калининград
111,982.93,10,144,Москва,Таллин
124,1166.19,10,158,Вильнюс,Калининград
132,982.02,10,137,Рига,Санкт-Петербург
133,1131.26,10,152,Рига,Санкт-Петербург
143,1170.63,10,148,Москва,Хельсинки
151,1215.94,10,171,Рига,Санкт-Петербург
159,1178.05,10,164,Рига,Москва
164,1180.83,10,154,Москва,Хельсинки
196,1193.36,10,164,Москва,Хельсинки
247,1162.35,10,153,Санкт-Петербург,Хельсинки
292,1060.38,10,146,Таллин,Москва
294,1088.24,10,147,Таллин,Санкт-Петербург
295,1162.26,10,164,Хельсинки,Санкт-Петербург
305,1227.33,10,139,Москва,Вильнюс
342,1113.43,10,148,Москва,Таллин
443,1067,10,148,Таллин,Санкт-Петербург
484,898.86,10,131,Хельсинки,Санкт-Петербург
488,1307.14,10,167,Рига,Калининград
510,1174.2,10,152,Рига,Калининград
516,1148.4,10,154,Рига,Москва
583,1183.08,10,155,Таллин,Калининград
590,1106.54,10,147,Вильнюс,Санкт-Петербург
601,1195.62,10,159,Рига,Санкт-Петербург
614,1159.21,10,154,Таллин,Калининград
702,1192.21,10,152,Москва,Вильнюс
728,1220.5,10,161,Москва,Вильнюс
767,1133.94,10,143,Калининград,Таллин
779,1153.63,10,148,Таллин,Москва
780,1059.42,10,143,Хельсинки,Москва
785,1090.36,10,160,Калининград,Хельсинки
786,1138.04,10,144,Таллин,Санкт-Петербург
868,1113.49,10,145,Таллин,Санкт-Петербург
909,1063.04,10,150,Москва,Таллин
939,1031.26,10,140,Москва,Вильнюс
988,978.65,10,138,Калининград,Вильнюс
996,1075.87,10,145,Рига,Санкт-Петербург
1005,1180.07,10,160,Таллин,Санкт-Петербург
1023,952.8,10,139,Хельсинки,Санкт-Петербург
1065,1140.4,10,154,Рига,Санкт-Петербург
1092,1059.41,10,142,Таллин,Москва
1124,1228.75,10,157,Москва,Вильнюс
1128,1219.47,10,168,Санкт-Петербург,Хельсинки
1136,1195.3,10,157,Рига,Москва
1157,1134.1,10,155,Рига,Санкт-Петербург
1206,1303.84,10,169,Рига,Москва
1212,1202.76,10,168,Таллин,Москва
1216,1287.85,10,165,Москва,Рига
1257,1284.26,10,158,Москва,Хельсинки
1271,1221.62,10,155,Таллин,Санкт-Петербург
155,1037.95,11,137,Санкт-Петербург,Хельсинки
163,1179.43,11,161,Калининград,Таллин
218,1087.61,11,145,Таллин,Санкт-Петербург
221,1189.67,11,150,Таллин,Калининград
232,1053.76,11,144,Рига,Санкт-Петербург
364,1136.72,11,152,Таллин,Москва
366,1057.14,11,138,Москва,Хельсинки
375,1253.92,11,166,Таллин,Москва
449,1195.16,11,157,Вильнюс,Калининград
482,1136.66,11,155,Рига,Санкт-Петербург
496,1075.31,11,153,Таллин,Москва
523,1128.57,11,148,Хельсинки,Санкт-Петербург
528,1180.92,11,158,Хельсинки,Калининград
530,1081.83,11,148,Санкт-Петербург,Вильнюс
617,1224.76,11,160,Москва,Рига
632,1277.32,11,163,Вильнюс,Калининград
694,1155.93,11,146,Калининград,Рига
759,1194.13,11,155,Москва,Рига
791,1140.17,11,147,Таллин,Санкт-Петербург
828,1175.72,11,155,Рига,Санкт-Петербург
838,1152.06,11,150,Рига,Санкт-Петербург
849,1122.87,11,152,Москва,Вильнюс
860,1041.49,11,137,Хельсинки,Санкт-Петербург
862,1238.38,11,153,Рига,Калининград
896,1074.44,11,144,Москва,Вильнюс
933,1030.9,11,145,Санкт-Петербург,Рига
985,968.14,11,141,Рига,Москва
1010,1225.6,11,150,Москва,Хельсинки
1018,1108.11,11,146,Хельсинки,Санкт-Петербург
1037,1011.24,11,149,Санкт-Петербург,Рига
1054,1039.86,11,140,Рига,Калининград
1076,1066.86,11,150,Рига,Санкт-Петербург
1096,1097.3,11,144,Рига,Санкт-Петербург
1197,1223.85,11,158,Рига,Калининград
1201,1045.61,11,150,Вильнюс,Санкт-Петербург
1213,1079.31,11,153,Москва,Рига
1228,1224.98,11,159,Вильнюс,Москва
1234,1114.29,11,158,Таллин,Калининград
1248,1232.38,11,153,Москва,Хельсинки
1264,1058.85,11,151,Рига,Санкт-Петербург
9,1170.26,12,158,Таллин,Санкт-Петербург
73,1020.02,12,135,Вильнюс,Калининград
102,1161.94,12,147,Москва,Хельсинки
166,1003.37,12,137,Таллин,Москва
213,1207.85,12,156,Таллин,Санкт-Петербург
260,1166.69,12,153,Вильнюс,Санкт-Петербург
263,1101.37,12,140,Вильнюс,Санкт-Петербург
264,1172.85,12,155,Москва,Хельсинки
304,1200.41,12,163,Вильнюс,Санкт-Петербург
306,1160.77,12,145,Вильнюс,Калининград
330,1125.78,12,151,Москва,Хельсинки
344,1250.85,12,157,Москва,Хельсинки
374,946.41,12,140,Москва,Таллин
378,1143.63,12,152,Хельсинки,Санкт-Петербург
382,1147.01,12,152,Рига,Санкт-Петербург
388,1011.47,12,134,Рига,Калининград
389,986.48,12,132,Рига,Санкт-Петербург
421,823.52,12,113,Калининград,Рига
469,1304.82,12,165,Вильнюс,Москва
479,1277.5,12,163,Москва,Рига
576,1126.38,12,144,Санкт-Петербург,Таллин
598,1128.41,12,157,Хельсинки,Санкт-Петербург
616,1094.91,12,149,Вильнюс,Санкт-Петербург
631,1198.35,12,150,Таллин,Москва
635,1301.24,12,163,Рига,Калининград
827,891.77,12,131,Москва,Хельсинки
836,1057.72,12,149,Москва,Вильнюс
843,1259.44,12,167,Москва,Рига
902,999.79,12,137,Рига,Санкт-Петербург
953,1183.77,12,151,Москва,Хельсинки
963,1317.08,12,167,Вильнюс,Москва
969,1176.25,12,161,Хельсинки,Санкт-Петербург
1072,1183.01,12,158,Москва,Хельсинки
1073,987.49,12,136,Вильнюс,Санкт-Петербург
1093,1154.23,12,149,Москва,Таллин
1098,1142.01,12,150,Рига,Санкт-Петербург
1129,1104.76,12,146,Рига,Санкт-Петербург
1130,1077.78,12,142,Москва,Рига
1217,1208.13,12,164,Таллин,Москва
1238,1343.57,12,167,Москва,Таллин
1283,1196.76,12,165,Таллин,Санкт-Петербург
1300,1251.15,12,157,Калининград,Таллин
6,1158.02,13,147,Москва,Вильнюс
33,1265.21,13,164,Вильнюс,Санкт-Петербург
40,1212,13,161,Таллин,Санкт-Петербург
141,1108.36,13,153,Рига,Санкт-Петербург
147,1137.84,13,147,Москва,Вильнюс
162,1139.55,13,151,Москва,Вильнюс
174,988.21,13,150,Вильнюс,Санкт-Петербург
223,1168.03,13,152,Москва,Таллин
233,1343.03,13,176,Таллин,Калининград
257,1072.21,13,156,Москва,Таллин
283,1190.46,13,163,Рига,Санкт-Петербург
288,1149.7,13,144,Таллин,Санкт-Петербург
368,1039.09,13,144,Рига,Санкт-Петербург
380,1160.64,13,149,Рига,Санкт-Петербург
386,1145.43,13,151,Таллин,Санкт-Петербург
400,1124.64,13,141,Калининград,Таллин
402,1076.26,13,154,Рига,Санкт-Петербург
423,1164.35,13,155,Калининград,Таллин
471,1029.48,13,130,Хельсинки,Калининград
486,1096.41,13,147,Рига,Санкт-Петербург
503,1283.68,13,165,Хельсинки,Москва
550,1110.26,13,150,Рига,Санкт-Петербург
564,1028.42,13,138,Рига,Санкт-Петербург
588,1200.6,13,155,Рига,Москва
687,1017.07,13,139,Таллин,Калининград
709,1136.04,13,145,Вильнюс,Калининград
776,1076.82,13,153,Москва,Вильнюс
847,1260.02,13,163,Калининград,Таллин
880,1051.14,13,152,Санкт-Петербург,Вильнюс
907,918.78,13,134,Рига,Санкт-Петербург
911,1159.16,13,156,Москва,Вильнюс
986,1269.98,13,168,Таллин,Калининград
993,1054.98,13,146,Рига,Санкт-Петербург
1013,1099.31,13,149,Рига,Санкт-Петербург
1043,1268.06,13,159,Рига,Калининград
1069,987.55,13,144,Калининград,Хельсинки
1110,1003.24,13,148,Рига,Москва
1127,1212.06,13,167,Калининград,Таллин
1151,1160.8,13,154,Москва,Рига
1195,990.91,13,141,Москва,Вильнюс
1211,1234.97,13,163,Таллин,Москва
1231,1192.72,13,158,Калининград,Хельсинки
1237,1172.86,13,161,Рига,Москва
1240,1314.88,13,167,Рига,Санкт-Петербург
1253,1133.71,13,155,Москва,Рига
1269,1265.14,13,169,Вильнюс,Санкт-Петербург
21,1175.34,14,158,Таллин,Санкт-Петербург
83,1067.17,14,148,Вильнюс,Санкт-Петербург
123,1277.29,14,168,Рига,Москва
199,979.77,14,132,Рига,Москва
207,1217.41,14,168,Таллин,Москва
243,1225.49,14,160,Таллин,Калининград
250,1094.07,14,146,Хельсинки,Калининград
261,1051.47,14,151,Москва,Вильнюс
282,1205.8,14,154,Москва,Рига
296,1043.24,14,144,Калининград,Рига
298,1171.3,14,160,Рига,Калининград
310,1150.25,14,151,Хельсинки,Санкт-Петербург
336,909.64,14,129,Таллин,Калининград
417,1153.13,14,157,Москва,Рига
418,1101.42,14,148,Хельсинки,Санкт-Петербург
476,1178.65,14,167,Рига,Санкт-Петербург
477,1018.25,14,149,Рига,Санкт-Петербург
542,1108.85,14,158,Рига,Москва
553,1199.78,14,164,Рига,Москва
649,879.6,14,126,Вильнюс,Санкт-Петербург
665,1256.63,14,161,Рига,Калининград
673,1187.01,14,166,Хельсинки,Санкт-Петербург
679,1135.35,14,141,Калининград,Рига
691,1089.45,14,136,Москва,Рига
718,1010.9,14,136,Рига,Москва
741,1095.4,14,138,Рига,Санкт-Петербург
760,1254.09,14,156,Рига,Санкт-Петербург
768,1164.99,14,145,Рига,Калининград
783,1106.33,14,147,Вильнюс,Санкт-Петербург
822,956.07,14,139,Таллин,Санкт-Петербург
823,1205.56,14,169,Таллин,Санкт-Петербург
824,1163.72,14,145,Москва,Таллин
842,1044.39,14,147,Рига,Санкт-Петербург
882,1060.33,14,137,Москва,Рига
910,1156.33,14,156,Санкт-Петербург,Хельсинки
935,1173.42,14,162,Москва,Вильнюс
941,1049.57,14,149,Рига,Санкт-Петербург
967,1212.85,14,158,Хельсинки,Москва
976,1165.23,14,160,Санкт-Петербург,Хельсинки
1006,1328.82,14,172,Таллин,Санкт-Петербург
1038,1110.87,14,154,Москва,Вильнюс
1047,1132.88,14,159,Хельсинки,Калининград
1068,998.03,14,129,Таллин,Калининград
1101,1241.2,14,165,Санкт-Петербург,Вильнюс
1106,1158.89,14,159,Рига,Санкт-Петербург
1112,1098.39,14,146,Рига,Санкт-Петербург
1133,999.22,14,149,Рига,Калининград
1164,1059.8,14,144,Вильнюс,Санкт-Петербург
1218,1262.74,14,165,Рига,Калининград
1221,1260.52,14,165,Таллин,Санкт-Петербург
1225,1138.08,14,162,Таллин,Санкт-Петербург
1258,1256.58,14,161,Москва,Хельсинки
1263,1267.83,14,158,Рига,Калининград
1266,1302.95,14,167,Вильнюс,Санкт-Петербург
14,1153.69,15,155,Москва,Таллин
25,1120.25,15,146,Таллин,Калининград
35,1054.79,15,138,Рига,Калининград
53,1277.75,15,163,Таллин,Москва
91,1020.05,15,139,Хельсинки,Калининград
125,1165.49,15,156,Хельсинки,Санкт-Петербург
172,1148.34,15,156,Москва,Рига
238,1017.95,15,147,Рига,Москва
240,1143.23,15,150,Рига,Москва
269,1229.39,15,154,Москва,Таллин
335,1150.89,15,146,Вильнюс,Калининград
339,1304.42,15,160,Хельсинки,Калининград
340,1145.7,15,141,Таллин,Санкт-Петербург
350,1142.94,15,154,Рига,Санкт-Петербург
357,1048.74,15,139,Вильнюс,Калининград
399,985.22,15,137,Рига,Санкт-Петербург
430,1158.39,15,144,Рига,Москва
442,1209.7,15,164,Рига,Москва
489,1101.58,15,149,Рига,Санкт-Петербург
558,1030.26,15,144,Рига,Санкт-Петербург
578,1067.58,15,144,Рига,Калининград
627,1019.38,15,145,Таллин,Калининград
743,1122.98,15,149,Рига,Калининград
753,987.4,15,145,Рига,Калининград
763,1160.01,15,144,Таллин,Санкт-Петербург
820,1269.31,15,154,Санкт-Петербург,Рига
870,974.01,15,128,Москва,Таллин
945,1212.56,15,173,Санкт-Петербург,Хельсинки
987,1156.34,15,161,Вильнюс,Санкт-Петербург
992,943.09,15,125,Рига,Калининград
1042,1311.56,15,166,Рига,Калининград
1085,1175.54,15,156,Таллин,Санкт-Петербург
1102,1027.8,15,133,Хельсинки,Санкт-Петербург
1105,1147.65,15,156,Рига,Санкт-Петербург
1109,1125.09,15,150,Вильнюс,Калининград
1180,1127.8,15,152,Рига,Москва
1182,1162.83,15,149,Вильнюс,Санкт-Петербург
1210,1305,15,169,Таллин,Санкт-Петербург
1260,1094.71,15,156,Рига,Москва
1295,1228.27,15,163,Рига,Москва
1,1135.07,16,146,Калининград,Таллин
11,1083.42,16,144,Рига,Санкт-Петербург
79,1062.01,16,136,Санкт-Петербург,Таллин
129,1129.42,16,153,Рига,Москва
161,1327.39,16,170,Рига,Санкт-Петербург
168,1083.05,16,148,Рига,Калининград
262,1207.03,16,159,Хельсинки,Москва
270,1118.79,16,149,Калининград,Вильнюс
301,1206.92,16,147,Рига,Калининград
327,1235.55,16,162,Хельсинки,Санкт-Петербург
413,1222.03,16,160,Москва,Вильнюс
440,1111.47,16,139,Таллин,Санкт-Петербург
447,1134.04,16,152,Калининград,Рига
468,989.02,16,135,Таллин,Санкт-Петербург
507,1130.82,16,146,Рига,Санкт-Петербург
520,1200.88,16,144,Москва,Вильнюс
555,1078.63,16,147,Москва,Хельсинки
595,1224.79,16,162,Рига,Москва
643,1065.31,16,144,Рига,Калининград
693,1219.75,16,162,Хельсинки,Москва
724,1160.2,16,141,Санкт-Петербург,Хельсинки
795,1118.93,16,150,Калининград,Хельсинки
798,1321.46,16,163,Рига,Санкт-Петербург
817,1162.37,16,156,Рига,Санкт-Петербург
894,1115.87,16,146,Таллин,Санкт-Петербург
919,1214.56,16,159,Москва,Рига
938,1246.08,16,154,Калининград,Рига
1020,1235.49,16,170,Рига,Москва
1045,1120.1,16,142,Калининград,Рига
1050,1133.56,16,155,Рига,Москва
1064,1096.86,16,153,Рига,Санкт-Петербург
1199,1162.46,16,159,Таллин,Москва
1208,1197.97,16,162,Таллин,Санкт-Петербург
1261,1281.69,16,162,Москва,Вильнюс
1267,1177.77,16,158,Таллин,Санкт-Петербург
1268,1206.51,16,159,Рига,Санкт-Петербург
3,1149.74,17,150,Таллин,Калининград
31,1109.03,17,146,Хельсинки,Санкт-Петербург
42,1043.28,17,140,Санкт-Петербург,Вильнюс
103,1061.64,17,148,Санкт-Петербург,Вильнюс
107,1070.51,17,144,Хельсинки,Санкт-Петербург
120,1151.69,17,151,Вильнюс,Санкт-Петербург
160,1198.31,17,159,Хельсинки,Калининград
208,1096.78,17,139,Таллин,Москва
216,1010.23,17,137,Таллин,Санкт-Петербург
303,1175.77,17,149,Рига,Санкт-Петербург
334,1107.36,17,147,Вильнюс,Санкт-Петербург
395,1232.73,17,151,Санкт-Петербург,Таллин
448,1038.39,17,142,Вильнюс,Санкт-Петербург
475,1225.56,17,155,Москва,Хельсинки
502,1129.14,17,148,Калининград,Рига
534,1245.69,17,165,Москва,Рига
551,1227.15,17,173,Рига,Калининград
571,941.72,17,124,Санкт-Петербург,Хельсинки
667,1219.92,17,157,Хельсинки,Москва
690,1199.3,17,158,Таллин,Санкт-Петербург
707,1205.68,17,169,Таллин,Санкт-Петербург
723,1161.71,17,160,Москва,Рига
772,1128.52,17,150,Рига,Санкт-Петербург
853,1236.76,17,165,Хельсинки,Санкт-Петербург
892,1256.85,17,161,Таллин,Санкт-Петербург
917,1254.27,17,161,Москва,Хельсинки
1083,1142.73,17,149,Москва,Вильнюс
1089,1120.52,17,156,Санкт-Петербург,Хельсинки
1099,1358.39,17,180,Вильнюс,Москва
1161,1110.09,17,154,Рига,Санкт-Петербург
1186,1150.71,17,151,Рига,Москва
1192,1212.84,17,155,Хельсинки,Калининград
1285,1161.32,17,163,Хельсинки,Калининград
1288,1268.41,17,163,Москва,Рига
29,1231.61,18,157,Хельсинки,Москва
54,1214.1,18,149,Вильнюс,Москва
55,1049.66,18,144,Москва,Рига
106,1203.85,18,160,Хельсинки,Санкт-Петербург
108,1183.55,18,161,Рига,Санкт-Петербург
146,1269.14,18,161,Рига,Калининград
175,1138.75,18,164,Рига,Санкт-Петербург
189,1045.36,18,139,Вильнюс,Санкт-Петербург
195,1116.93,18,146,Хельсинки,Санкт-Петербург
219,1173.27,18,158,Вильнюс,Санкт-Петербург
239,1204.5,18,147,Москва,Рига
252,1083.21,18,149,Москва,Вильнюс
337,1110.33,18,153,Таллин,Москва
361,1147.94,18,146,Хельсинки,Калининград
411,1154.54,18,164,Таллин,Санкт-Петербург
446,1133.98,18,149,Рига,Санкт-Петербург
452,1092.79,18,155,Москва,Вильнюс
584,1178.36,18,151,Рига,Санкт-Петербург
606,981.8,18,140,Рига,Санкт-Петербург
610,1034.6,18,141,Москва,Таллин
651,1113.13,18,147,Хельсинки,Санкт-Петербург
674,1316.51,18,172,Таллин,Москва
739,1067.62,18,150,Рига,Калининград
747,1084.29,18,152,Хельсинки,Калининград
807,1196.37,18,161,Хельсинки,Санкт-Петербург
857,1202.91,18,154,Москва,Таллин
877,1033.7,18,140,Хельсинки,Санкт-Петербург
1040,1161.84,18,151,Рига,Калининград
1095,1228.68,18,156,Рига,Калининград
1139,1109.49,18,148,Рига,Калининград
1149,1119.22,18,142,Хельсинки,Санкт-Петербург
1179,1188.52,18,162,Калининград,Вильнюс
1205,1237.32,18,156,Вильнюс,Санкт-Петербург
1250,1218.41,18,164,Москва,Рига
1254,1160.35,18,158,Таллин,Москва
1270,1199.65,18,159,Санкт-Петербург,Рига
19,1157.63,19,158,Рига,Калининград
36,1196.36,19,155,Рига,Калининград
65,1151.32,19,144,Рига,Калининград
72,1026.5,19,137,Таллин,Москва
170,1175.81,19,156,Вильнюс,Санкт-Петербург
177,1246.48,19,162,Калининград,Хельсинки
198,1172.74,19,148,Рига,Калининград
245,982.65,19,145,Рига,Санкт-Петербург
291,1024.26,19,147,Хельсинки,Калининград
311,1037.22,19,139,Вильнюс,Москва
313,1076.39,19,144,Москва,Таллин
372,1068.97,19,149,Рига,Москва
404,1192.69,19,167,Таллин,Москва
409,1206.32,19,156,Рига,Калининград
410,1118.22,19,138,Рига,Санкт-Петербург
434,943.04,19,139,Москва,Вильнюс
562,1234.8,19,159,Рига,Москва
596,990.09,19,130,Москва,Вильнюс
597,1148.5,19,146,Рига,Калининград
633,1067.98,19,148,Москва,Рига
637,1097.46,19,145,Вильнюс,Москва
639,964.82,19,144,Санкт-Петербург,Хельсинки
656,1245.57,19,158,Хельсинки,Санкт-Петербург
681,1143.84,19,141,Таллин,Калининград
708,1264.57,19,163,Таллин,Санкт-Петербург
744,1132.74,19,146,Рига,Калининград
803,1067.47,19,138,Рига,Москва
825,1172.68,19,164,Рига,Калининград
856,1292.58,19,167,Рига,Санкт-Петербург
994,1196.49,19,161,Калининград,Вильнюс
1008,1199.05,19,153,Хельсинки,Калининград
1024,1241.76,19,156,Таллин,Калининград
1036,966.47,19,134,Таллин,Санкт-Петербург
1048,1178.94,19,148,Рига,Санкт-Петербург
1074,1212.57,19,157,Рига,Москва
1080,1096.9,19,151,Таллин,Москва
1123,1216.85,19,168,Рига,Санкт-Петербург
1143,1233.24,19,163,Таллин,Москва
1183,1249.88,19,162,Калининград,Таллин
1209,1222.52,19,159,Таллин,Калининград
1255,1251.05,19,160,Таллин,Санкт-Петербург
23,1102.7,20,143,Таллин,Москва
30,1262.41,20,147,Калининград,Хельсинки
38,1086.94,20,151,Санкт-Петербург,Вильнюс
45,1033.6,20,156,Москва,Таллин
136,1226.92,20,168,Вильнюс,Москва
138,1191.6,20,166,Рига,Москва
365,1179.9,20,148,Таллин,Москва
385,1119.98,20,154,Таллин,Калининград
392,993.58,20,143,Хельсинки,Санкт-Петербург
535,1130.6,20,153,Санкт-Петербург,Таллин
549,1297.97,20,172,Рига,Москва
581,1258.29,20,167,Рига,Санкт-Петербург
593,1111.12,20,154,Калининград,Хельсинки
603,1131.84,20,148,Москва,Хельсинки
619,1130,20,149,Хельсинки,Санкт-Петербург
654,1188.36,20,160,Москва,Рига
655,1274.58,20,170,Рига,Калининград
661,1057.5,20,151,Калининград,Рига
706,1171.53,20,160,Вильнюс,Калининград
711,1065.96,20,149,Рига,Калининград
713,1196.62,20,165,Рига,Санкт-Петербург
726,1177.75,20,156,Таллин,Санкт-Петербург
773,1042.63,20,147,Рига,Санкт-Петербург
790,1129.02,20,139,Москва,Хельсинки
800,1176.92,20,154,Таллин,Калининград
804,1120.98,20,151,Хельсинки,Калининград
814,1106.15,20,146,Таллин,Калининград
833,1111.06,20,157,Вильнюс,Москва
852,1100.39,20,151,Таллин,Санкт-Петербург
899,1342.37,20,168,Рига,Санкт-Петербург
1000,1239.24,20,161,Москва,Хельсинки
1009,1146.24,20,148,Москва,Рига
1021,1094.72,20,146,Вильнюс,Москва
1104,1145.55,20,145,Рига,Санкт-Петербург
1168,1140,20,149,Хельсинки,Москва
1207,1182.96,20,153,Таллин,Калининград
1219,1143.26,20,161,Москва,Рига
1226,1111.79,20,157,Рига,Москва
1279,1225.64,20,165,Москва,Вильнюс
28,1191.19,21,159,Калининград,Вильнюс
114,1042.54,21,140,Вильнюс,Москва
183,1185.89,21,154,Таллин,Калининград
244,1081.54,21,146,Таллин,Санкт-Петербург
266,1102.16,21,141,Москва,Хельсинки
280,1182.92,21,150,Рига,Санкт-Петербург
284,1072.87,21,145,Таллин,Калининград
297,1108.84,21,155,Рига,Москва
300,1047.82,21,140,Рига,Москва
318,1160.17,21,154,Москва,Вильнюс
360,1160.85,21,157,Рига,Санкт-Петербург
363,1093.09,21,143,Вильнюс,Москва
396,1004.21,21,135,Таллин,Санкт-Петербург
412,1147.94,21,151,Рига,Санкт-Петербург
439,975.78,21,131,Таллин,Москва
465,1171.19,21,161,Таллин,Санкт-Петербург
490,1147.39,21,145,Рига,Калининград
491,1133.44,21,151,Таллин,Санкт-Петербург
505,1238.47,21,154,Рига,Санкт-Петербург
524,1105.01,21,144,Таллин,Санкт-Петербург
539,1214.93,21,152,Вильнюс,Калининград
638,1056.05,21,147,Таллин,Москва
738,1148.48,21,149,Вильнюс,Санкт-Петербург
799,1121.8,21,142,Хельсинки,Санкт-Петербург
845,1141.28,21,146,Москва,Рига
858,989.88,21,137,Рига,Санкт-Петербург
873,1185.48,21,161,Вильнюс,Москва
906,958.16,21,130,Рига,Калининград
918,1247.83,21,145,Таллин,Санкт-Петербург
965,1172.8,21,158,Москва,Вильнюс
966,1233,21,155,Рига,Калининград
968,988.79,21,145,Москва,Хельсинки
982,1030.42,21,138,Рига,Калининград
1044,1253.79,21,163,Москва,Рига
1063,1154.54,21,151,Калининград,Таллин
1153,1210.51,21,163,Таллин,Калининград
1227,1079.18,21,152,Москва,Вильнюс
1293,1185.77,21,157,Таллин,Калининград
13,1216.22,22,156,Москва,Таллин
61,1046.56,22,147,Рига,Калининград
75,1238.66,22,160,Вильнюс,Калининград
97,1237.75,22,150,Рига,Санкт-Петербург
104,1065.45,22,143,Калининград,Вильнюс
135,1178.33,22,146,Вильнюс,Москва
144,942.01,22,140,Хельсинки,Санкт-Петербург
156,922.56,22,122,Вильнюс,Санкт-Петербург
222,1242.23,22,162,Калининград,Хельсинки
228,1008.39,22,149,Москва,Рига
259,1281.05,22,174,Москва,Таллин
279,1056.66,22,134,Москва,Рига
309,1119.49,22,154,Таллин,Санкт-Петербург
408,1151.3,22,153,Таллин,Санкт-Петербург
422,981.73,22,130,Таллин,Санкт-Петербург
429,1212.82,22,149,Таллин,Санкт-Петербург
463,1103.28,22,150,Таллин,Калининград
464,1184.77,22,157,Рига,Санкт-Петербург
487,1098.26,22,149,Санкт-Петербург,Хельсинки
498,1030.51,22,138,Рига,Москва
512,1276.07,22,161,Таллин,Москва
570,1198.61,22,166,Рига,Калининград
572,1124.19,22,149,Калининград,Хельсинки
585,1284.74,22,171,Москва,Вильнюс
641,1139.6,22,155,Вильнюс,Москва
652,974.99,22,136,Калининград,Хельсинки
715,1065.9,22,146,Вильнюс,Калининград
746,1220.68,22,159,Калининград,Таллин
864,1059.25,22,148,Москва,Вильнюс
872,1050.06,22,147,Таллин,Калининград
890,1109.22,22,155,Хельсинки,Санкт-Петербург
921,1033.33,22,150,Вильнюс,Калининград
964,1063.08,22,148,Таллин,Калининград
984,1154.88,22,156,Вильнюс,Калининград
1004,1234.12,22,154,Рига,Калининград
1031,923.01,22,130,Калининград,Вильнюс
1051,1197.66,22,162,Калининград,Рига
1056,1218.31,22,159,Рига,Санкт-Петербург
1075,1112.07,22,145,Таллин,Санкт-Петербург
1091,1186.8,22,160,Таллин,Москва
1107,1105.61,22,162,Хельсинки,Калининград
1134,1154.51,22,144,Москва,Рига
1176,1099.7,22,145,Вильнюс,Москва
1187,1045.99,22,144,Санкт-Петербург,Вильнюс
1239,1179.15,22,161,Таллин,Калининград
1245,1125.19,22,156,Таллин,Санкт-Петербург
1247,1223.3,22,159,Москва,Хельсинки
1273,1223.72,22,159,Хельсинки,Москва
1297,1151.04,22,157,Москва,Хельсинки
39,959.28,23,134,Вильнюс,Калининград
41,1175.57,23,160,Рига,Санкт-Петербург
43,1023.49,23,132,Рига,Санкт-Петербург
58,1134.99,23,148,Вильнюс,Москва
80,1112.77,23,153,Москва,Таллин
84,1145.67,23,165,Рига,Санкт-Петербург
85,1150.24,23,156,Рига,Москва
94,1060.68,23,149,Рига,Москва
100,1159.41,23,153,Вильнюс,Калининград
101,1054.85,23,143,Калининград,Хельсинки
116,1059.09,23,131,Москва,Таллин
130,1242.74,23,154,Вильнюс,Санкт-Петербург
171,1049.95,23,144,Москва,Вильнюс
178,1232.69,23,162,Калининград,Хельсинки
181,1210.77,23,153,Рига,Москва
191,1006.82,23,139,Москва,Хельсинки
220,1224.91,23,167,Хельсинки,Санкт-Петербург
231,1157.42,23,152,Таллин,Санкт-Петербург
246,977.08,23,130,Москва,Таллин
255,1059.76,23,146,Калининград,Таллин
258,1048.09,23,149,Рига,Санкт-Петербург
316,1252.17,23,159,Вильнюс,Санкт-Петербург
320,1171.34,23,148,Хельсинки,Москва
351,1189.42,23,145,Санкт-Петербург,Хельсинки
387,1089.88,23,150,Санкт-Петербург,Рига
416,1242.62,23,167,Санкт-Петербург,Рига
462,1045.65,23,141,Таллин,Санкт-Петербург
474,1004.69,23,143,Рига,Санкт-Петербург
492,1233.24,23,166,Рига,Москва
561,1303.74,23,164,Москва,Рига
566,1189.97,23,148,Москва,Вильнюс
647,1192.81,23,167,Таллин,Санкт-Петербург
663,1149.02,23,156,Калининград,Таллин
670,1163.9,23,144,Рига,Санкт-Петербург
676,1169.54,23,147,Таллин,Санкт-Петербург
688,1117.51,23,149,Вильнюс,Калининград
754,1194.92,23,159,Рига,Москва
761,1285.15,23,175,Москва,Таллин
775,1035.35,23,144,Москва,Вильнюс
904,980.57,23,139,Вильнюс,Санкт-Петербург
912,1173.79,23,158,Санкт-Петербург,Хельсинки
915,1189.77,23,155,Москва,Рига
922,1085.88,23,137,Рига,Санкт-Петербург
923,1152.6,23,152,Москва,Хельсинки
948,1145.04,23,160,Таллин,Калининград
975,1112.61,23,151,Москва,Вильнюс
989,1151.74,23,160,Санкт-Петербург,Вильнюс
1007,1136.01,23,145,Рига,Санкт-Петербург
1034,1147.6,23,163,Москва,Хельсинки
1111,1175.85,23,142,Москва,Рига
1142,1101.2,23,152,Москва,Хельсинки
1146,1106.23,23,152,Таллин,Москва
1174,1087.92,23,143,Таллин,Санкт-Петербург
1181,1027.08,23,151,Москва,Рига
1214,1307.31,23,167,Вильнюс,Санкт-Петербург
1232,1302.53,23,167,Санкт-Петербург,Хельсинки
1272,1229.44,23,159,Таллин,Калининград
1276,1269.24,23,160,Вильнюс,Санкт-Петербург
1294,1197.62,23,157,Таллин,Москва
44,1050.92,24,146,Вильнюс,Санкт-Петербург
46,1106.86,24,147,Рига,Москва
48,1228.6,24,164,Москва,Таллин
89,1112.16,24,146,Таллин,Санкт-Петербург
96,984.23,24,135,Рига,Калининград
99,933.45,24,136,Рига,Санкт-Петербург
179,1103.26,24,147,Рига,Калининград
204,1200.44,24,150,Рига,Санкт-Петербург
206,1155.07,24,154,Санкт-Петербург,Рига
215,1186.73,24,170,Калининград,Хельсинки
224,1185.89,24,151,Рига,Калининград
236,1054.5,24,142,Москва,Таллин
265,1169.91,24,146,Хельсинки,Калининград
333,1302.26,24,164,Рига,Санкт-Петербург
428,958.65,24,146,Москва,Таллин
451,1184.6,24,139,Таллин,Санкт-Петербург
511,1219.38,24,154,Таллин,Калининград
573,1126.91,24,149,Таллин,Санкт-Петербург
600,1200.52,24,156,Рига,Калининград
602,1043.52,24,146,Таллин,Москва
611,1124.26,24,149,Москва,Рига
650,986.78,24,133,Москва,Вильнюс
682,1024.13,24,138,Санкт-Петербург,Рига
732,1297.02,24,175,Таллин,Санкт-Петербург
733,1181.78,24,167,Рига,Санкт-Петербург
809,1073.99,24,135,Рига,Москва
844,1176.27,24,147,Таллин,Москва
848,1117.36,24,156,Хельсинки,Санкт-Петербург
871,1168.73,24,154,Рига,Санкт-Петербург
946,1190.38,24,155,Рига,Калининград
991,1046.07,24,142,Вильнюс,Санкт-Петербург
1078,1106.72,24,149,Москва,Вильнюс
1097,1113.09,24,144,Москва,Хельсинки
1122,1136.61,24,146,Калининград,Вильнюс
1144,1062.15,24,136,Вильнюс,Москва
1222,1221.14,24,162,Таллин,Калининград
1233,1211.7,24,159,Вильнюс,Санкт-Петербург
1235,1178.18,24,165,Вильнюс,Москва
1278,1210.77,24,161,Рига,Санкт-Петербург
16,1129.73,25,153,Рига,Москва
32,1311.98,25,162,Вильнюс,Москва
59,1143.87,25,151,Калининград,Таллин
60,1186.09,25,156,Таллин,Калининград
67,1237.08,25,161,Рига,Санкт-Петербург
86,1128.15,25,150,Таллин,Москва
186,1056.94,25,138,Таллин,Санкт-Петербург
281,1186.43,25,151,Калининград,Рига
323,1176.94,25,145,Рига,Санкт-Петербург
331,1104.46,25,154,Рига,Санкт-Петербург
332,1140.75,25,154,Рига,Санкт-Петербург
338,1221.47,25,166,Калининград,Рига
358,1011.85,25,136,Рига,Санкт-Петербург
370,1188.51,25,160,Рига,Санкт-Петербург
391,1181.93,25,146,Калининград,Хельсинки
405,961.59,25,139,Рига,Калининград
424,1154.3,25,149,Таллин,Санкт-Петербург
454,1138.38,25,157,Рига,Санкт-Петербург
457,1068.38,25,151,Хельсинки,Калининград
532,961.8,25,137,Рига,Санкт-Петербург
540,1039.98,25,140,Рига,Москва
541,1079.78,25,142,Рига,Москва
560,1199.46,25,154,Рига,Санкт-Петербург
563,1124.87,25,158,Рига,Санкт-Петербург
620,1110.01,25,145,Калининград,Таллин
624,1104.97,25,146,Хельсинки,Москва
628,1158.24,25,145,Москва,Вильнюс
671,1128.68,25,140,Таллин,Москва
686,1080.58,25,156,Рига,Калининград
719,1189.2,25,147,Москва,Рига
745,1157.4,25,153,Москва,Хельсинки
770,977.21,25,134,Рига,Санкт-Петербург
787,1027.75,25,134,Хельсинки,Санкт-Петербург
866,1015.18,25,140,Таллин,Санкт-Петербург
867,1019.59,25,145,Таллин,Санкт-Петербург
893,1279.82,25,166,Москва,Рига
913,1183.17,25,163,Калининград,Вильнюс
1067,1109.03,25,150,Рига,Санкт-Петербург
1086,1033.27,25,143,Калининград,Рига
1087,1104.16,25,153,Хельсинки,Калининград
1116,1108.03,25,147,Москва,Хельсинки
1132,1098.67,25,141,Таллин,Санкт-Петербург
1163,1181.33,25,151,Таллин,Санкт-Петербург
1202,1108.04,25,156,Таллин,Санкт-Петербург
1244,1222.4,25,166,Хельсинки,Санкт-Петербург
1284,1243.08,25,162,Рига,Калининград
1289,1180.12,25,156,Рига,Санкт-Петербург
1291,1168.17,25,159,Калининград,Таллин
1298,1121.69,25,154,Таллин,Калининград
8,1131.42,26,156,Таллин,Москва
56,961.95,26,134,Рига,Санкт-Петербург
139,1133.41,26,139,Хельсинки,Калининград
157,1180.14,26,153,Санкт-Петербург,Таллин
188,1269.57,26,167,Рига,Москва
201,1250.95,26,156,Рига,Москва
225,1087.56,26,143,Хельсинки,Санкт-Петербург
235,1078.19,26,150,Москва,Хельсинки
273,1139.73,26,151,Таллин,Санкт-Петербург
352,1124.34,26,145,Таллин,Санкт-Петербург
373,1203.3,26,153,Вильнюс,Санкт-Петербург
398,930.87,26,132,Рига,Санкт-Петербург
441,1036.06,26,131,Калининград,Хельсинки
485,1026.12,26,142,Москва,Хельсинки
509,1243.63,26,165,Вильнюс,Санкт-Петербург
548,1175.82,26,157,Таллин,Санкт-Петербург
567,1114.05,26,157,Таллин,Москва
577,1194.98,26,163,Рига,Санкт-Петербург
589,1102.75,26,149,Таллин,Москва
609,1056.18,26,149,Таллин,Москва
642,1293.13,26,169,Вильнюс,Санкт-Петербург
696,1059.01,26,139,Москва,Вильнюс
701,1211.56,26,164,Рига,Санкт-Петербург
716,1353.67,26,167,Таллин,Москва
721,1283.92,26,158,Рига,Москва
748,1191.89,26,163,Рига,Санкт-Петербург
797,1126.56,26,152,Вильнюс,Санкт-Петербург
806,1186.96,26,154,Таллин,Санкт-Петербург
865,1096.83,26,152,Калининград,Рига
869,1234.35,26,160,Москва,Вильнюс
885,1026.08,26,142,Вильнюс,Москва
886,996.6,26,136,Рига,Санкт-Петербург
944,1127.12,26,146,Рига,Санкт-Петербург
960,1108.27,26,160,Вильнюс,Санкт-Петербург
973,1159.85,26,146,Таллин,Санкт-Петербург
1062,1076.08,26,147,Рига,Санкт-Петербург
1148,1035.75,26,140,Санкт-Петербург,Хельсинки
1220,1126.24,26,155,Таллин,Санкт-Петербург
1251,1178.05,26,164,Москва,Вильнюс
49,1236.74,27,157,Таллин,Калининград
121,1153.93,27,149,Таллин,Санкт-Петербург
226,1175.85,27,154,Калининград,Хельсинки
285,1009.23,27,125,Санкт-Петербург,Вильнюс
287,1181.84,27,153,Рига,Калининград
326,1123.81,27,142,Таллин,Калининград
355,1220.99,27,152,Таллин,Санкт-Петербург
379,1198.11,27,158,Хельсинки,Калининград
403,1051.99,27,135,Москва,Хельсинки
431,1070.49,27,139,Рига,Санкт-Петербург
470,1154.01,27,143,Таллин,Санкт-Петербург
499,1023.93,27,144,Хельсинки,Санкт-Петербург
544,1091.76,27,148,Москва,Таллин
605,1168.91,27,147,Таллин,Санкт-Петербург
613,1109.2,27,154,Москва,Вильнюс
618,1076.22,27,138,Хельсинки,Санкт-Петербург
626,1182.08,27,152,Хельсинки,Санкт-Петербург
629,977.15,27,138,Калининград,Таллин
659,1149.28,27,155,Хельсинки,Санкт-Петербург
664,1064.64,27,143,Вильнюс,Санкт-Петербург
695,1148.14,27,156,Таллин,Калининград
698,1121.64,27,142,Рига,Санкт-Петербург
705,1101.44,27,142,Хельсинки,Москва
714,1256.17,27,165,Таллин,Санкт-Петербург
727,1123.94,27,148,Таллин,Калининград
756,1085.37,27,149,Москва,Таллин
771,1230.28,27,161,Москва,Таллин
812,1019.54,27,143,Рига,Санкт-Петербург
840,1165.84,27,161,Москва,Таллин
846,1031.48,27,144,Рига,Москва
929,1064.87,27,144,Санкт-Петербург,Вильнюс
942,1061.3,27,142,Рига,Санкт-Петербург
949,1121.11,27,144,Санкт-Петербург,Вильнюс
981,1012.71,27,144,Рига,Москва
997,1068.95,27,151,Москва,Таллин
1017,1214.65,27,154,Хельсинки,Санкт-Петербург
1019,1226.38,27,161,Москва,Рига
1120,948.58,27,142,Рига,Санкт-Петербург
1137,1082.85,27,151,Рига,Санкт-Петербург
1147,1037.79,27,143,Хельсинки,Санкт-Петербург
1173,1118.25,27,148,Калининград,Таллин
1175,1238.61,27,154,Рига,Калининград
1236,1212.07,27,164,Таллин,Санкт-Петербург
1249,1224.29,27,158,Москва,Рига
1281,1148.67,27,158,Рига,Калининград
1296,1180.69,27,157,Вильнюс,Санкт-Петербург
47,1061.88,28,148,Рига,Санкт-Петербург
92,1153.4,28,158,Таллин,Санкт-Петербург
119,1336.85,28,175,Таллин,Санкт-Петербург
126,1188.28,28,156,Рига,Москва
149,1146.76,28,154,Рига,Санкт-Петербург
197,1162.14,28,155,Таллин,Санкт-Петербург
237,1008.52,28,145,Калининград,Хельсинки
248,1038.44,28,144,Рига,Санкт-Петербург
268,1116.54,28,156,Москва,Рига
276,984.32,28,137,Рига,Калининград
319,1211.92,28,150,Вильнюс,Санкт-Петербург
341,1068.04,28,151,Хельсинки,Калининград
347,1217.74,28,159,Таллин,Санкт-Петербург
406,1065.77,28,145,Санкт-Петербург,Вильнюс
419,1232.23,28,158,Рига,Санкт-Петербург
427,1094.51,28,147,Рига,Санкт-Петербург
433,1156.39,28,146,Таллин,Калининград
437,931.29,28,124,Санкт-Петербург,Рига
472,1141.89,28,154,Санкт-Петербург,Рига
531,1089.75,28,143,Москва,Хельсинки
537,1171.56,28,163,Хельсинки,Москва
545,1239.96,28,168,Хельсинки,Калининград
547,1031.23,28,134,Таллин,Калининград
579,1065.05,28,143,Москва,Таллин
599,1070.21,28,138,Таллин,Москва
634,1182.8,28,167,Вильнюс,Москва
666,1066.93,28,158,Рига,Москва
672,1217.2,28,159,Москва,Вильнюс
736,1203.96,28,160,Таллин,Москва
749,1219,28,156,Таллин,Калининград
774,1258.77,28,169,Москва,Вильнюс
810,1281.6,28,162,Москва,Хельсинки
815,1150.53,28,157,Таллин,Калининград
832,1201.36,28,155,Рига,Санкт-Петербург
837,959.74,28,129,Рига,Калининград
884,1215.87,28,149,Санкт-Петербург,Рига
908,1188.15,28,152,Москва,Таллин
916,1064.92,28,142,Рига,Калининград
926,1112.33,28,157,Рига,Санкт-Петербург
927,1250.66,28,161,Москва,Таллин
936,1161.78,28,159,Рига,Санкт-Петербург
959,1009.2,28,128,Таллин,Санкт-Петербург
995,1074.88,28,148,Москва,Вильнюс
1025,1054.05,28,145,Рига,Калининград
1131,1308.81,28,168,Хельсинки,Санкт-Петербург
1135,1322.07,28,169,Рига,Калининград
1155,1223.65,28,159,Таллин,Калининград
1156,1116.76,28,144,Москва,Таллин
1188,985.84,28,140,Москва,Вильнюс
1193,1173.7,28,148,Москва,Рига
1204,1154.38,28,155,Калининград,Вильнюс
1246,1157.1,28,150,Москва,Таллин
1262,1258.82,28,166,Москва,Таллин
10,1159.53,29,151,Хельсинки,Санкт-Петербург
12,1102.8,29,141,Калининград,Рига
24,978.15,29,132,Рига,Санкт-Петербург
27,1107.16,29,157,Хельсинки,Санкт-Петербург
57,1176.44,29,156,Москва,Вильнюс
109,1179.38,29,160,Рига,Москва
117,1196.87,29,167,Санкт-Петербург,Вильнюс
140,1197.18,29,151,Москва,Таллин
152,1158.81,29,146,Вильнюс,Санкт-Петербург
158,909.5,29,118,Санкт-Петербург,Вильнюс
165,1164.78,29,146,Рига,Калининград
203,1170.13,29,156,Москва,Таллин
209,1190.97,29,151,Рига,Санкт-Петербург
214,1163.45,29,155,Рига,Москва
242,862.76,29,131,Рига,Санкт-Петербург
249,1291.09,29,161,Вильнюс,Санкт-Петербург
308,1028.55,29,137,Таллин,Калининград
321,1066.46,29,141,Москва,Вильнюс
324,966.44,29,139,Таллин,Санкт-Петербург
383,1079.56,29,158,Санкт-Петербург,Таллин
393,1282.59,29,157,Вильнюс,Москва
432,1144.01,29,151,Москва,Хельсинки
438,1158.51,29,152,Москва,Таллин
455,992.49,29,136,Рига,Москва
467,1054.32,29,149,Таллин,Москва
480,1193.98,29,152,Таллин,Санкт-Петербург
526,1204.56,29,154,Рига,Калининград
527,1014.1,29,138,Вильнюс,Санкт-Петербург
622,904.75,29,128,Рига,Санкт-Петербург
644,1164.28,29,144,Рига,Москва
645,1047.95,29,146,Таллин,Санкт-Петербург
662,1129.18,29,142,Рига,Санкт-Петербург
684,1201.53,29,152,Вильнюс,Санкт-Петербург
685,1107.91,29,154,Таллин,Санкт-Петербург
712,1124.74,29,149,Санкт-Петербург,Таллин
729,1270.57,29,163,Таллин,Калининград
735,1270.39,29,168,Вильнюс,Санкт-Петербург
750,1240.93,29,157,Таллин,Калининград
751,1086.49,29,144,Вильнюс,Санкт-Петербург
752,1084.81,29,136,Таллин,Калининград
757,1198.71,29,146,Москва,Таллин
758,1038.52,29,138,Таллин,Санкт-Петербург
762,1127.11,29,154,Москва,Рига
784,1049.07,29,143,Рига,Санкт-Петербург
794,1012.61,29,135,Рига,Санкт-Петербург
808,1064.31,29,146,Хельсинки,Санкт-Петербург
829,956.75,29,127,Санкт-Петербург,Вильнюс
834,984.42,29,138,Таллин,Санкт-Петербург
841,1092.93,29,140,Москва,Рига
851,1239.31,29,155,Рига,Санкт-Петербург
901,1289.84,29,160,Рига,Москва
925,1098.04,29,147,Рига,Санкт-Петербург
934,1233.75,29,152,Москва,Рига
958,1204.03,29,164,Рига,Санкт-Петербург
1027,979.84,29,119,Санкт-Петербург,Хельсинки
1029,1094.91,29,147,Рига,Санкт-Петербург
1070,1212.01,29,160,Рига,Санкт-Петербург
1071,1124.22,29,150,Москва,Хельсинки
1094,1186.61,29,159,Таллин,Санкт-Петербург
1118,1079.82,29,146,Рига,Санкт-Петербург
1119,1036.32,29,147,Рига,Санкт-Петербург
1159,1016.7,29,145,Хельсинки,Санкт-Петербург
1160,1231.37,29,163,Хельсинки,Москва
1196,1113.79,29,138,Рига,Санкт-Петербург
52,1140.72,30,163,Хельсинки,Санкт-Петербург
68,1178.88,30,157,Таллин,Санкт-Петербург
131,926.33,30,129,Вильнюс,Москва
134,1189.58,30,157,Рига,Санкт-Петербург
167,1100.05,30,152,Рига,Санкт-Петербург
293,1074.65,30,145,Москва,Хельсинки
497,1143.86,30,144,Санкт-Петербург,Вильнюс
621,1072.07,30,147,Хельсинки,Москва
737,953.59,30,134,Москва,Рига
792,1060.07,30,137,Хельсинки,Калининград
793,1361.17,30,182,Москва,Таллин
854,1159.73,30,149,Москва,Таллин
876,1223.1,30,163,Рига,Санкт-Петербург
895,1136.29,30,152,Хельсинки,Калининград
914,943.3,30,129,Москва,Вильнюс
943,1173.95,30,161,Таллин,Санкт-Петербург
961,1074.37,30,139,Рига,Москва
1003,1194.38,30,157,Москва,Таллин
1026,1372.22,30,171,Таллин,Москва
1046,1112.19,30,146,Рига,Москва
1079,1013.1,30,137,Рига,Санкт-Петербург
1141,1153.96,30,155,Москва,Рига
1172,1146.91,30,151,Рига,Калининград
1290,1199.98,30,161,Таллин,Санкт-Петербург
